N (%),O (%),Fc (%),A (%),Ht (min),HT (oC),Nhc (%)
4.23,22.7,10.23,43.1,60,160,2.9
4.23,22.7,10.23,43.1,60,180,2.24
4.23,22.7,10.23,43.1,30,200,1.94
4.23,22.7,10.23,43.1,60,200,1.74
4.23,22.7,10.23,43.1,90,200,2
4.23,22.7,10.23,43.1,120,200,2.04
4.23,22.7,10.23,43.1,60,220,1.98
4.23,22.7,10.23,43.1,90,240,1.91
4.34,24.62,5.14,34.19,600,160,2.59
4.34,24.62,5.14,34.19,600,180,2.31
4.34,24.62,5.14,34.19,600,200,2.02
4.34,24.62,5.14,34.19,600,220,1.85
4.34,24.62,5.14,34.19,600,240,2.21
5.5,22.8,1.42,28.6,240,200,2.1
5.5,22.8,1.42,28.6,360,200,2.1
5.5,22.8,1.42,28.6,480,200,2.2
5.5,22.8,1.42,28.6,600,200,2.2
5.5,22.8,1.42,28.6,720,200,2.2
8.85,14.61,2.03,18.7,15,180,9.08
8.85,14.61,2.03,18.7,30,180,8.98
8.85,14.61,2.03,18.7,45,180,9.08
8.85,14.61,2.03,18.7,15,200,9.29
8.85,14.61,2.03,18.7,30,200,9.04
8.85,14.61,2.03,18.7,45,200,7.98
8.85,14.61,2.03,18.7,15,220,9.03
8.85,14.61,2.03,18.7,30,220,8.24
8.85,14.61,2.03,18.7,45,220,8.73
8.85,14.61,2.03,18.7,15,240,8.95
8.85,14.61,2.03,18.7,30,240,8.19
8.85,14.61,2.03,18.7,45,240,8.51
3.83,29.14,3.2,41.8,60,220,2.56
5.29,24.75,3.9,27.54,240,140,4.56
5.29,24.75,3.9,27.54,60,160,4.5
5.29,24.75,3.9,27.54,120,160,4.31
5.29,24.75,3.9,27.54,240,160,3.62
5.29,24.75,3.9,27.54,30,180,4.11
5.29,24.75,3.9,27.54,60,180,3.8
5.29,24.75,3.9,27.54,120,180,2.81
5.29,24.75,3.9,27.54,240,180,2.75
5.29,24.75,3.9,27.54,15,200,3.14
5.29,24.75,3.9,27.54,30,200,3.04
5.29,24.75,3.9,27.54,60,200,2.75
5.29,24.75,3.9,27.54,120,200,2.65
5.29,24.75,3.9,27.54,240,200,2.55
4.35,21.15,8.27,40.6,240,200,2.32
8.05,20.88,7.07,26.06,30,180,7.18
8.05,20.88,7.07,26.06,30,200,7.04
8.05,20.88,7.07,26.06,30,220,6.1
8.05,20.88,7.07,26.06,30,250,6.14
8.05,20.88,7.07,26.06,30,280,4.94
7.15,26.31,7.56,20.91,30,220,3.88
5.04,22.93,8.14,33.32,30,160,4.19
5.04,22.93,8.14,33.32,30,220,2.01
5.04,22.93,8.14,33.32,30,250,4.23
4.17,25.36,5.82,17.43,240,140,2.43
4.17,25.36,5.82,17.43,240,170,1.96
4.17,25.36,5.82,17.43,240,190,1.97
4.17,25.36,5.82,17.43,240,200,1.88
4.86,16.05,2.66,49.85,30,180,1.64
4.86,16.05,2.66,49.85,30,220,1.32
4.86,16.05,2.66,49.85,30,260,1.56
4.86,16.05,2.66,49.85,30,300,1.12
4.86,16.05,2.66,49.85,60,260,1.59
4.86,16.05,2.66,49.85,60,260,1.52
4.86,16.05,2.66,49.85,360,260,1.24
4.86,16.05,2.66,49.85,480,260,1.45
1.21,10.5,0.7,35.03,30,180,0.93
1.21,10.5,0.7,35.03,30,200,1.03
1.21,10.5,0.7,35.03,30,220,0.86
1.21,10.5,0.7,35.03,30,240,0.7
1.21,10.5,0.7,35.03,30,260,0.84
1.21,10.5,0.7,35.03,30,280,0.85
1.21,10.5,0.7,35.03,30,300,0.86
4.75,23.28,8,30.63,0,100,4.44
4.75,23.28,8,30.63,30,150,4.37
4.75,23.28,8,30.63,60,200,4.48
4.75,23.28,8,30.63,0,100,4.23
4.75,23.28,8,30.63,30,150,4.45
4.75,23.28,8,30.63,60,200,3.96
4.75,23.28,8,30.63,0,100,3.93
4.75,23.28,8,30.63,30,150,3.56
4.75,23.28,8,30.63,60,200,3.22
4,20.3,9.34,36.7,30,200,1.9
4,20.3,9.34,36.7,30,200,2.1
4,20.3,9.34,36.7,30,200,2.3
4,20.3,9.34,36.7,30,200,2.3
4,20.3,9.34,36.7,30,200,2.3
4,20.3,9.34,36.7,30,200,2.4
4,20.3,9.34,36.7,30,200,2.6
4,20.3,9.34,36.7,30,200,2.8
4.98,18.5,5.13,41.16,60,180,2.28
4.98,18.5,5.13,41.16,60,230,1.81
4.98,18.5,5.13,41.16,60,280,1.62
5.15,26.37,1.56,30.48,60,200,4.79
5.15,26.37,1.56,30.48,180,200,4.12
5.15,26.37,1.56,30.48,300,200,3.8
5.15,26.37,1.56,30.48,480,200,3.1
3.41,15.5,3.72,54.76,60,220,1.34
5.1,15.4,4.4,40.9,60,180,4.2
5.1,15.4,4.4,40.9,60,210,4.1
5.1,15.4,4.4,40.9,60,240,4.1
3.89,23.43,7.54,22.16,60,180,2.59
3.89,23.43,7.54,22.16,60,200,2.01
3.89,23.43,7.54,22.16,60,220,1.84
4.26,27.61,12.56,14.96,30,190,2.23
4.26,27.61,12.56,14.96,30,220,1.87
4.26,27.61,12.56,14.96,30,250,1.89
4.26,27.61,12.56,14.96,60,190,2.1
4.26,27.61,12.56,14.96,60,220,1.86
4.26,27.61,12.56,14.96,60,250,1.99
3.59,21.16,4.76,44.99,30,190,1.58
3.59,21.16,4.76,44.99,30,220,0.8
3.59,21.16,4.76,44.99,30,250,0.7
3.59,21.16,4.76,44.99,60,190,1.07
3.59,21.16,4.76,44.99,60,220,0.66
3.59,21.16,4.76,44.99,60,250,0.69
5.81,23.52,5.9,28.43,30,190,4.27
5.81,23.52,5.9,28.43,30,220,3.48
5.81,23.52,5.9,28.43,30,250,3.16
5.81,23.52,5.9,28.43,60,190,3.95
5.81,23.52,5.9,28.43,60,220,3.45
5.81,23.52,5.9,28.43,60,250,3.12
3.9,16.3,3.5,46.5,120,260,2.6
3.9,16.3,3.5,46.5,240,260,2.6
4.16,30.28,6.88,24.2,30,180,4.1
4.16,30.28,6.88,24.2,30,200,3.98
4.16,30.28,6.88,24.2,30,220,3.79
4.16,30.28,6.88,24.2,15,200,3.74
4.16,30.28,6.88,24.2,60,200,4.22
4.86,16.05,2.66,49.85,60,220,2.17
4.86,16.05,2.66,49.85,60,260,1.67
4.86,16.05,2.66,49.85,60,300,1.21
3.95,17.35,6.7,55.55,30,150,2.04
3.95,17.35,6.7,55.55,30,200,1.12
3.95,17.35,6.7,55.55,30,250,0.89
3.95,17.35,6.7,55.55,30,300,0.8
3.95,17.35,6.7,55.55,30,350,0.71
2.72,21.03,2.66,53.18,120,200,2.05
1.32,24.25,6.13,54.81,30,180,0.78
1.32,24.25,6.86,57.86,30,210,0.55
1.32,24.25,6.91,60.54,30,240,0.43
1.32,24.25,6.98,63.78,30,270,0.42
1.32,24.25,7.01,66.23,30,300,0.39
6.04,20.46,12.36,35.82,20,220,4.48
6.04,20.46,15.16,37.78,20,260,3.92
6.04,20.46,18.24,38.8,20,300,3.73
6.04,20.46,12.86,40.11,20,320,3.56
6.04,20.46,16.8,41.17,20,340,3.52
6.04,20.46,18.55,43.2,20,380,3.22
3.04,23.1,3.65,71.1,120,150,1.39
3.04,23.1,4.08,74.7,120,180,0.99
3.04,23.1,3.82,75.9,120,200,0.82
3.04,23.1,4.79,76.3,120,220,0.74
3.04,23.1,4.53,77.8,120,250,0.65
3.04,23.1,3.64,80.4,120,300,0.78
5.3,27.06,11.43,18.8,30,180,5.47
5.3,27.06,12.3,19.32,30,210,5.17
5.3,27.06,13.52,23.23,30,240,5.49
5.3,27.06,14.11,33.51,30,270,4.19
